{
	"agcgw_all":{
		"CN":"connect-drcn.dbankcloud.cn",
		"CN_back":"connect-drcn.hispace.hicloud.com",
		"DE":"connect-dre.dbankcloud.cn",
		"DE_back":"connect-dre.hispace.hicloud.com",
		"RU":"connect-drru.hispace.dbankcloud.ru",
		"RU_back":"connect-drru.hispace.dbankcloud.ru",
		"SG":"connect-dra.dbankcloud.cn",
		"SG_back":"connect-dra.hispace.hicloud.com"
	},
	"client":{
		"cp_id":"2850086000417245476",
		"product_id":"99536292102136080",
		"client_id":"859578251863933760",
		"client_secret":"473CE1D4CF5FBCB3BCCE72B6EEDF4A8D216305338BD4DA132229F22D49709645",
		"project_id":"99536292102136080",
		"app_id":"105867327",
		"api_key":"DAEDAAMBHNRAjuYm5DISryDBvy2bPr9djJZG/QRhy0kUGiaDYSS9IUk1255HKFcSB+bE7ZFXjoG8sZWQKjgi7+Al4WXOex/c6UfbzA==",
		"package_name":"com.example.studydemo.note"
	},
	"oauth_client":{
		"client_id":"105867327",
		"client_type":1
	},
	"app_info":{
		"app_id":"105867327",
		"package_name":"com.example.studydemo.note"
	},
	"configuration_version":"3.0",
	"appInfos":[
		{
			"package_name":"com.example.studydemo.note",
			"client":{
				"app_id":"105867327"
			},
			"app_info":{
				"package_name":"com.example.studydemo.note",
				"app_id":"105867327"
			},
			"oauth_client":{
				"client_type":1,
				"client_id":"105867327"
			}
		}
	]
}